<?xml version="1.0" encoding="utf-8" standalone="no"?>
<dublin_core schema="dc">
  <dcvalue element="contributor" qualifier="author">Ray,&#x20;Duilio</dcvalue>
  <dcvalue element="date" qualifier="accessioned">2015-06-02T14:13:44Z</dcvalue>
  <dcvalue element="date" qualifier="available">2015-06-02T14:13:44Z</dcvalue>
  <dcvalue element="date" qualifier="issued">2015-06-02</dcvalue>
  <dcvalue element="identifier" qualifier="uri">http:&#x2F;&#x2F;dspace-dev.linti.unlp.edu.ar&#x2F;handle&#x2F;123456789&#x2F;7618</dcvalue>
  <dcvalue element="description" qualifier="provenance" language="en">Submitted&#x20;by&#x20;Duilio&#x20;Ray&#x20;(duilio.92@gmail.com)&#x20;on&#x20;2015-06-02T14:13:44Z&#x0A;No.&#x20;of&#x20;bitstreams:&#x20;1&#x0A;pruebaDCU.c:&#x20;141&#x20;bytes,&#x20;checksum:&#x20;5818fdbe65d2f0ec0a67fc97a76ea157&#x20;(MD5)</dcvalue>
  <dcvalue element="description" qualifier="provenance" language="en">Made&#x20;available&#x20;in&#x20;DSpace&#x20;on&#x20;2015-06-02T14:13:44Z&#x20;(GMT).&#x20;No.&#x20;of&#x20;bitstreams:&#x20;1&#x0A;pruebaDCU.c:&#x20;141&#x20;bytes,&#x20;checksum:&#x20;5818fdbe65d2f0ec0a67fc97a76ea157&#x20;(MD5)&#x0A;&#x20;&#x20;Previous&#x20;issue&#x20;date:&#x20;2015-06-02</dcvalue>
  <dcvalue element="language" qualifier="iso" language="es_AR">es</dcvalue>
  <dcvalue element="publisher" qualifier="none" language="es_AR">Facultad&#x20;de&#x20;Informtica</dcvalue>
  <dcvalue element="title" qualifier="none" language="es_AR">Prueba&#x20;DCU</dcvalue>
  <dcvalue element="type" qualifier="none" language="es_AR">Software</dcvalue>
</dublin_core>
